name,family,subsection,initial_release,official_website,repositories,overview
NetBSD,BSD Family,,Apr 1993,https://www.netbsd.org,Source Repository (CVS): https://cvsweb.netbsd.org; GitHub Mirror: https://github.com/NetBSD,"NetBSD — ""Of course it runs NetBSD"" — is a highly portable Unix-like operating system built around clean design and broad hardware support; for example, the same codebase runs on everything from VAX minicomputers and vintage home computers to modern ARM boards and Raspberry Pis, which is where its long-running slogan comes from in the first place."
FreeBSD,BSD Family,,Nov 1993,https://www.freebsd.org,Source Repository: https://cgit.freebsd.org; GitHub Mirror: https://github.com/freebsd,"FreeBSD — known for decades by its motto ""The Power to Serve"" — is a performance-oriented Unix-like system widely deployed in servers and infrastructure; for example, its networking stack and ZFS support have made it the base underneath large platforms like Netflix's content-delivery network and Sony's PlayStation operating system."
OpenBSD,BSD Family,,Jul 1996,https://www.openbsd.org,GitHub: https://github.com/openbsd; Game of Trees (Got) Mirror: https://openbsd.gothub.org/index.html,"OpenBSD's own homepage sums up its efforts as ""portability, standardization, correctness, proactive security and integrated cryptography""; for example, the project performs a continuous, ongoing source-code security audit of its own codebase, and its OpenSSH tool — now the standard way most of the internet logs into remote servers — was itself born out of OpenBSD."
DragonFly BSD,BSD Family,,Jul 2003,https://www.dragonflybsd.org,Source Repository: https://gitweb.dragonflybsd.org/?p=dragonfly.git;a=summary; GitHub: https://github.com/DragonFlyBSD,"DragonFly BSD is a FreeBSD fork that, in the project's own words, ""provides an opportunity for the BSD base to grow in an entirely different direction""; for example, its HAMMER2 filesystem and LWKT threading model were built from scratch by creator Matthew Dillon specifically to solve scalability problems he foresaw in FreeBSD's own approach to multiprocessing."
MidnightBSD,BSD Family,,Aug 2007,https://www.midnightbsd.org,GitHub: https://github.com/MidnightBSD,"MidnightBSD — ""a desktop operating system for x86 and x86-64 based PCs"" — is a FreeBSD derivative built specifically for everyday desktop use rather than servers; for example, it ships Xfce as its default desktop and bundles email, web browsing, and office software out of the box, filling a gap its founder felt FreeBSD itself had long overlooked."
GhostBSD,BSD Family,,Mar 2010,https://www.ghostbsd.org,GitHub: https://github.com/ghostbsd,"GhostBSD is ""a user-friendly, open-source operating system based on FreeBSD"", designed to provide a secure and efficient desktop experience for everyone; for example, it ships a ready-to-use MATE desktop out of the box and follows a slow, conservative release cycle rather than chasing bleeding-edge packages, making FreeBSD approachable for people coming from a regular Linux desktop."
HardenedBSD,BSD Family,,2014,https://hardenedbsd.org,GitHub: https://github.com/HardenedBSD,"HardenedBSD — ""implements strong exploit mitigations and security hardening technologies on top of FreeBSD"" — began in 2013 as an Address Space Layout Randomization (ASLR) patch for FreeBSD before growing into a full security-focused fork; for example, the firewall project OPNsense adopted HardenedBSD's ASLR implementation in 2016, and by 2019 had migrated to HardenedBSD entirely."
Linux From Scratch,Linux Distributions,,1998,https://www.linuxfromscratch.org,Source Repository: https://git.linuxfromscratch.org; GitHub Mirror: https://github.com/lfs-book,"Linux From Scratch (LFS) — ""Your Distro, Your Rules"" — is a project that provides step-by-step instructions for building a custom Linux system entirely from source code, letting users understand and control every component of their operating system; for example, choosing their own init system, C library, or kernel configuration instead of inheriting someone else's defaults."
Gentoo,Linux Distributions,,"1999, 2000, 2001, Mar 2002",https://www.gentoo.org,Source Repository: https://gitweb.gentoo.org; GitHub Mirror: https://github.com/gentoo; Codeberg: https://codeberg.org/gentoo/gentoo,"Gentoo — ""can be automatically optimized and customized for just about any application or need"" — is a source-based Linux distribution built around the Portage package manager, which compiles software locally rather than installing pre-built binaries; for example, a user can toggle specific USE flags to build the very same package differently for a lightweight server versus a full gaming desktop."
Arch Linux,Linux Distributions,,"2001, Mar 2002",https://archlinux.org,GitLab: https://gitlab.archlinux.org/archlinux,"Arch Linux — ""a lightweight and flexible Linux distribution that tries to Keep It Simple"" — ships mostly unmodified upstream software and lets users build up their system package by package with pacman; for example, the community-run Arch User Repository (AUR) adds thousands of user-submitted packages on top of the official repositories."
Puppy Linux,Linux Distributions,,Jun 2003,https://puppylinux-woof-ce.github.io,GitHub: https://github.com/puppylinux-woof-ce,"Puppy Linux — ""a collection of multiple Linux distributions"" built on the same shared tools and principles — is designed to be ready to use, typically 1.5 GB or less in size, and customizable within minutes; for example, several official variants are built on top of Ubuntu, Debian, or Slackware packages while keeping the same lightweight Puppy-specific desktop and utilities."
Fedora,Linux Distributions,,Nov 2003,https://fedoraproject.org,Source Repository: https://forge.fedoraproject.org,"Fedora — sponsored by Red Hat and shaped by ""an innovative, free, and open source platform for hardware, clouds, and containers"" — ships several official editions built from the same upstream packages; for example, Fedora Workstation targets everyday desktop use while Fedora CoreOS and Fedora IoT package that same base for container hosts and embedded devices, and its immutable Fedora Atomic base — Silverblue with GNOME, Kinoite with KDE Plasma, among others — has, in turn, become a foundation other projects build on top of. Beyond the main editions, Fedora also offers official Spins that swap in a different desktop from the same repositories — KDE Plasma, Xfce, MATE, and others — and Labs, curated software bundles built for a specific field, such as the Astronomy Lab or the Security Lab, so someone in a particular niche gets a ready-to-go Fedora tailored to it from day one."
Ubuntu,Linux Distributions,,Oct 2004,https://ubuntu.com,Launchpad: https://code.launchpad.net/ubuntu; GitHub: https://github.com/ubuntu; Project Reference GitHub: https://github.com/canonical; Releases Portal: https://releases.ubuntu.com Official archive of stable Ubuntu Desktop and Server ISO releases.; CD Image Server: https://cdimage.ubuntu.com Source for official ISO images including development and alternative builds.; Checksum Reference: https://help.ubuntu.com/community/UbuntuHashes Documentation for verifying SHA256 checksums and signatures.; Verification Guide: https://ubuntu.com/tutorials/how-to-verify-ubuntu or https://discourse.ubuntu.com/t/how-to-verify-your-ubuntu-download/14010 Official tutorial explaining how to verify downloaded Ubuntu images.,"Ubuntu — ""the modern, open source operating system on Linux for the enterprise"" — is a Debian-based distribution developed by Canonical, released in Desktop, Server, and Core editions; for example, the same underlying system that runs on a developer's laptop also powers unmodified instances on AWS, Azure, and Google Cloud, and embedded devices through Ubuntu Core. Its official Flavours program lets Canonical-recognized teams swap in a different desktop on that same base — Kubuntu, Xubuntu, and Ubuntu MATE among them."
Kubuntu,Linux Distributions,,Apr 2005,https://kubuntu.org,GitHub: https://github.com/kubuntu-team,"Kubuntu — ""The Elegant Linux Distribution"" — is an official Ubuntu flavor that swaps the default GNOME desktop for KDE Plasma; for example, its built-in KRunner launcher can open files, convert currencies, or control music playback from one keyboard shortcut, all on top of the same package base and release schedule as standard Ubuntu."
Alpine Linux,Linux Distributions,,Aug 2005,https://alpinelinux.org,GitLab: https://gitlab.alpinelinux.org/alpine; GitHub: https://github.com/alpinelinux,"Alpine Linux — ""Small. Simple. Secure."" — is built around musl libc and BusyBox instead of glibc and GNU coreutils, keeping a minimal container image under 8 MB; for example, its compiled binaries use position-independent execution with stack-smashing protection by default, part of why it's a common base image for Docker containers."
Xubuntu,Linux Distributions,,Jun 2006,https://xubuntu.org,GitHub: https://github.com/Xubuntu,"Xubuntu — ""a light, stable and configurable desktop environment with conservative workflows"" — is an Ubuntu flavor built around Xfce; for example, it keeps a traditional panel-and-menu layout and modest default resource use, making it a common pick for older or lower-specification hardware that still needs a full desktop experience."
Linux Mint,Linux Distributions,,Aug 2006,https://linuxmint.com,GitHub: https://github.com/linuxmint,"Linux Mint — built to be ""a modern, elegant and comfortable operating system"" that's both powerful and easy to use — is developed on top of Ubuntu and Debian; for example, its own Cinnamon desktop, Update Manager, and Software Manager are all built in-house specifically to keep updates conservative and avoid the regressions that can come with more aggressive rolling releases."
Trisquel,Linux Distributions,,Jan 2007 (first public release); project development began in 2004,https://trisquel.info,GitLab: https://gitlab.trisquel.org/trisquel,"Trisquel — ""a 100% free operating system"" — is an Ubuntu-based, FSF-endorsed GNU/Linux distribution with every piece of proprietary software, firmware, and driver blob stripped out or replaced; for example, the project was born at the University of Vigo in Spain to serve as an educational operating system with Galician-language support, was officially presented in April 2005 with Richard Stallman's own backing, and ships MATE as its default desktop for a lighter, more traditional feel than stock Ubuntu."
Calculate Linux,Linux Distributions,,Jun 2007,https://www.calculate-linux.org,GitHub: https://github.com/calculatelinux; Source Repository: https://git.calculate-linux.org/calculate,"Calculate Linux is a Gentoo-based Linux distribution developed by Calculate Ltd., optimized for fast, ready-to-use deployment in organization environments. It layers the Calculate and Distros Portage overlays on top of Gentoo, offering Desktop, Directory Server, and Scratch editions with prebuilt binary packages while remaining fully Portage-compatible — ""a fast and functional user-friendly Linux distribution, based on Gentoo"", with a rolling-release model and a consistent, familiar desktop experience across KDE, Cinnamon, MATE, Xfce, or LXQt."
Void Linux,Linux Distributions,,2008,https://voidlinux.org,GitHub: https://github.com/void-linux,"Void Linux — ""a general purpose operating system, based on the monolithic Linux kernel"" — is not a fork of any existing distribution; its XBPS package manager and runit-based init system were both written from scratch, and software is available as prebuilt binaries or built directly from source via the xbps-src collection."
Tails,Linux Distributions,,Jun 2009,https://tails.net,GitLab: https://gitlab.tails.boum.org/tails/tails,"Tails — ""a portable operating system that protects against surveillance and censorship"" — boots from a USB stick and routes all its Internet traffic through the Tor network; for example, it leaves no trace on the computer once shut down, and journalists, activists, and domestic-violence survivors have used it specifically to keep sensitive work off a shared or monitored machine."
Mageia,Linux Distributions,,Jun 2011,https://www.mageia.org,Source Repository: https://gitweb.mageia.org/,"Mageia — ""Stable, secure operating system for desktop & server"" — is a non-profit, community-run continuation of Mandriva Linux, formed in 2010 by former Mandriva employees and contributors; for example, its own Mageia Control Center lets a user configure hardware, networking, and system settings from one graphical tool, across a choice of KDE Plasma, GNOME, Xfce, Cinnamon, MATE, LXQt, or Enlightenment desktops."
Manjaro,Linux Distributions,,Jul 2011,https://manjaro.org,GitLab: https://gitlab.manjaro.org; GitHub: https://github.com/manjaro,"Manjaro is ""a user-friendly Linux distribution based on the independently developed Arch operating system""; for example, it holds packages back in its own testing and stable branches before they reach users, and ships a graphical Manjaro Hardware Detection tool, both meant to smooth over the rough edges that come with using Arch directly."
Whonix,Linux Distributions,,Feb 2012,https://www.whonix.org,GitLab: https://gitlab.com/whonix; GitHub: https://github.com/Whonix,"Whonix is ""an operating system focused on anonymity, privacy and security"", built from two isolated virtual machines — a Gateway that solely runs Tor, and a Workstation that can only reach the network through it — so that even malware running as root on the Workstation cannot discover the machine's real IP address."
Kali Linux,Linux Distributions,,Mar 2013,https://www.kali.org,GitLab: https://gitlab.com/kalilinux,"Kali Linux, billed as ""The Most Advanced Penetration Testing Distribution, Ever"", is a Debian-based distribution built for security auditing; it ships with over 600 preinstalled tools covering tasks like vulnerability scanning, wireless attacks, and digital forensics, and is maintained by Offensive Security."
Parrot OS,Linux Distributions,,Apr 2013,https://www.parrotsec.org,GitHub: https://github.com/parrotsec; GitLab: https://gitlab.com/parrotsec,"Parrot OS is a Debian-based distribution ""designed with Security, Development, and Privacy in mind""; for example, its Security Edition ships a full penetration-testing toolkit, while the lighter Home Edition targets everyday desktop use with privacy tools like an anonymous browsing mode built in."
OpenMandriva,Linux Distributions,,Nov 2013,https://www.openmandriva.org,Build System (ABF): https://abf.openmandriva.org; GitHub: https://github.com/OpenMandrivaAssociation,"OpenMandriva — built around ""the best balance between the most modern features and stability"", from newbies to developers — is a community-run continuation of the Mandriva Linux lineage, sponsored by the OpenMandriva Association; for example, it builds most of its packages with the Clang/LLVM toolchain rather than GCC, and offers its own urpmi- and dnf-based package management alongside a Plasma-focused desktop."
Solus,Linux Distributions,,"May 2014 (as Evolve OS); renamed Solus in Apr 2015, with Solus 1.0 following in Dec 2015",https://getsol.us,GitHub: https://github.com/getsolus,"Solus is ""an operating system that is designed for home computing"", built entirely from scratch rather than forked from Debian, Arch, or anything else; for example, its own eopkg package manager follows what the project calls a ""stable-rolling"" model — delivering the newest software weekly, only after testing, rather than the bleeding-edge approach it says can sacrifice reliability for novelty — across a choice of Budgie, GNOME, Plasma, or Xfce desktops."
Ubuntu MATE,Linux Distributions,,Oct 2014,https://ubuntu-mate.org,GitHub: https://github.com/ubuntu-mate,"Ubuntu MATE is ""a stable, easy-to-use operating system with a configurable desktop environment"", aimed at people who prefer a traditional desktop layout; for example, its own MATE Tweak tool can switch the entire desktop between several preset layouts — Traditional, Redmond, Cupertino, or Netbook — in a couple of clicks, without reinstalling anything."
KDE neon,Linux Distributions,,"Jan, Jun 2016",https://neon.kde.org,GitLab: https://invent.kde.org/neon,"KDE neon — built to ""showcase KDE software exactly as the KDE developers intended it"", with no patches — is an Ubuntu-based platform built by the KDE project itself to deliver the newest Plasma desktop and KDE application releases on top of a stable Ubuntu LTS base; for example, a bug fixed upstream in KDE software can reach neon users within days, rather than waiting for the next Kubuntu release cycle."
Devuan,Linux Distributions,,"May 2017 (first stable release, Devuan 1.0 ""Jessie""); founding announcement in Nov 2014",https://www.devuan.org,Source Repository: https://git.devuan.org/explore/repos,"Devuan was founded in November 2014 by a self-described Veteran Unix Admins collective, announced on its own site as ""a fork of Debian without systemd"" built to preserve what the project calls Init Freedom, with early administrative support from the Dyne.org non-profit foundation; that founding announcement predates any installable release by nearly three years. For example, a user can pick sysvinit, runit, or OpenRC as the init system, and can still choose Xfce, Cinnamon, KDE Plasma, LXQt, or MATE as the desktop on top."
Artix Linux,Linux Distributions,,Jul 2017,https://artixlinux.org,Source Repository: https://gitea.artixlinux.org/explore/repos; GitHub (former home): https://github.com/artix-linux,"Artix Linux — ""Simple. Fast. Systemd-free."" — is a rolling-release, Arch-based distribution that swaps systemd for a real init system; for example, a user can pick OpenRC, runit, s6, or dinit as PID 1, on the reasoning that the first process a system starts should stay simple, secure, and stable rather than take on extra responsibilities."
Pop!_OS,Linux Distributions,,Oct 2017,https://system76.com/pop,GitHub: https://github.com/pop-os; Project Reference GitHub: https://github.com/system76,"Pop!_OS is billed by its maker, System76, as an operating system ""for STEM and creative professionals who use their computer as a tool to discover and create""; for example, it ships with automatic Nvidia and AMD GPU driver handling built in and a tiling window manager that can be toggled on or off, both aimed at people doing graphics, engineering, or development work rather than general browsing."
EndeavourOS (Antergos’ successor),Linux Distributions,,"May, Jun 2019",https://endeavouros.com,GitHub: https://github.com/endeavouros-team,"EndeavourOS picks up where Antergos left off, offering ""a lightweight Arch-based, terminal-centric system ready to personalise""; for example, its online installer lets a user add a desktop of their choice — Xfce, KDE Plasma, GNOME, and others — on top of an otherwise close-to-vanilla Arch base, without the manual setup Arch itself requires."
Ubuntu Cinnamon,Linux Distributions,,Dec 2019,https://ubuntucinnamon.org,GitHub: https://github.com/ubuntucinnamon,"Ubuntu Cinnamon — ""the most traditionally modern desktop you will ever love"" — is a community-developed, officially recognized Ubuntu flavor that pairs the Cinnamon desktop — originally built for Linux Mint — with Ubuntu's package base and release cycle; for example, someone who prefers Cinnamon's traditional panel-and-menu layout can get it with Ubuntu's hardware enablement and PPA ecosystem instead of switching distributions entirely."
GNOME OS,Linux Distributions,,Sep 2020 (introduced alongside GNOME 3.38.0),https://os.gnome.org,GitLab: https://gitlab.gnome.org/GNOME/gnome-build-meta,"GNOME OS — ""producing and distributing bootable VM images for debugging and testing features"" — is a nightly, image-based reference platform built by the GNOME project itself rather than a general daily-driver distribution; for example, it rebuilds and boots a fresh system image from every commit made across GNOME's many modules, using OSTree and Flatpak, so developers, designers, and testers can try tomorrow's GNOME before it ever reaches an actual distribution's repositories."
CachyOS,Linux Distributions,,Jul 2021,https://cachyos.org,GitHub: https://github.com/cachyos,"CachyOS is ""an Arch Linux based distribution, which improves the performance, throughput and interactivity"" — an Arch-based distribution built around performance, using a BORE scheduler and CPU-architecture-optimized packages (x86-64-v3/v4) rather than the generic builds most distributions ship; for example, its own installer can detect a system's CPU and automatically offer the fastest matching package repository, and it ships a dedicated handheld edition for devices like the Steam Deck."
Nobara Linux,Linux Distributions,,Jul 2022,https://nobaraproject.org,GitHub: https://github.com/Nobara-Project,"Nobara is a Fedora-based distribution — ""A Fedora-based desktop, tuned for gaming, streaming, and content creation"" — built by Linux kernel and GNOME contributor Thomas ""GloriousEggroll"" Crider specifically for gaming and content creation; for example, it patches in codecs, Wine/Proton tweaks, and GPU driver fixes that stock Fedora leaves out, so games and streaming software work without the user hunting down third-party repositories first."
TUXEDO OS,Linux Distributions,,Sep 2022,https://www.tuxedocomputers.com/en/TUXEDO-OS_1.tuxedo,GitLab: https://gitlab.com/tuxedocomputers/development/tuxedo_os; GitHub (former home): https://github.com/tuxedocomputers,"TUXEDO OS — ""simple by default, powerful when needed"" — is an Ubuntu-based distribution built by the hardware maker TUXEDO Computers, whose stated mission with it is making Linux accessible to the general public; it ships preinstalled on the company's own laptops and desktops, and its TUXEDO Control Center app lets a user manage fan curves, keyboard backlighting, and power profiles for their exact TUXEDO hardware from one graphical tool, something a generic Ubuntu install can't do out of the box."
PikaOS Linux,Linux Distributions,,"Dec 2022, Jan 2023",https://pika-os.com,Docs/Wiki: https://wiki.pika-os.com/en/home; Source Repository: https://git.pika-os.com; GitHub (former home): https://github.com/PikaOS-Linux,"PikaOS is a Debian/Ubuntu-based Linux distribution — ""a gaming focused Linux distribution focussing on ease of use and high compatability"" — built by taking the gaming know-how behind Nobara — patched kernels, Wine/Proton tuning, and driver fixes aimed at running Windows games well — and pairing it with Ubuntu's broad hardware support and package base, so it works well for gaming out of the box without much manual tinkering."
Vanilla OS,Linux Distributions,,"Oct, Nov, Dec 2022",https://vanillaos.org,GitHub: https://github.com/vanilla-os,"Vanilla OS is an immutable Ubuntu-based operating system — ""built with simplicity in mind"" — keeping the base system on an A/B root layout called ABRoot so every update is applied atomically and can be rolled back if something breaks. For example, its apx package manager uses OCI containers to install software from Ubuntu, Fedora, or Arch repositories side by side, without ever touching or destabilizing the immutable base."
blendOS,Linux Distributions,,Jan 2023,https://blendos.co,GitHub: https://github.com/blend-os; GitLab: https://git.blendos.co/blendOS,"blendOS is an Arch-based immutable Linux distribution — ""a seamless blend of all Linux distributions"" — letting users install and run software from Debian, Ubuntu, Fedora, Arch, and other ecosystems side by side, with GNOME as the primary desktop alongside optional KDE Plasma or Xfce sessions. For example, a user could pull one package with apt, another with dnf, and a third with pacman or yay, all from the same shell, or boot into a full standalone desktop session from a different distro entirely — while the base system itself stays read-only and is rebuilt atomically with each update."
Chimera Linux,Linux Distributions,,Jun 2023 (first Alpha); project development began mid-2021,https://chimera-linux.org,GitHub: https://github.com/chimera-linux,"Chimera Linux — ""born from unhappiness with the status quo"" — is an independent, general-purpose distribution built entirely from scratch since 2021 by former Void Linux developer Nina Kolesová (q66); for example, it swaps GNU coreutils for FreeBSD's userland, uses the LLVM toolchain and musl libc instead of GCC and glibc, and runs the Dinit init system rather than systemd, while still packaging modern software like GNOME, KDE Plasma, and Flatpak on top."
Vendefoul Wolf Linux,Linux Distributions,,"Aug, Sep 2023",https://vendefoul-wolf-linux.sourceforge.io,Source Repository: https://sourceforge.net/projects/vendefoul-wolf-linux,"Vendefoul Wolf Linux — ""a complete and free distribution available in all its versions and desktop environments"" — is a Devuan-based distribution built to work out of the box with low resource usage; for example, it ships several desktop editions and keeps telemetry out entirely, inheriting Devuan's systemd-free base rather than Debian's default one."
secureblue,Linux Distributions,,"Dec 2023, Q1 2024",https://secureblue.dev,GitHub: https://github.com/secureblue/secureblue; Project Reference GitHub: https://github.com/secureblue,"secureblue — ""increase defenses against the exploitation of both known and unknown vulnerabilities"" — is a hardened, Fedora Atomic-based image built around security best practices rather than convenience; for example, it enables hardened memory allocators and stricter kernel settings by default, and ships separate images built on top of Fedora Silverblue (GNOME) and Kinoite (KDE) for users who want that hardening without assembling it themselves."
aerynOS,Linux Distributions,,Feb-Mar 2025,https://aerynos.com,GitHub: https://github.com/aerynOS; GitHub Forums: https://github.com/orgs/aerynOS/discussions,"aerynOS (formerly Serpent OS) is ""an independent performance-oriented Linux-based operating system"" that diverges significantly from traditional distributions while still aiming for a familiar, comfortable environment. Built by industry veterans and produced entirely by tooling the project developed in-house, it uses atomic updates and cutting-edge packaging in what the team describes as the next evolution in Linux distributions — an engineering-led effort built from the ground up rather than a fork of an existing base."
KDE Linux,Linux Distributions,,2025 (currently Alpha),https://linux.kde.org,GitLab: https://invent.kde.org/kde-linux/kde-linux,"KDE Linux — ""A free Linux-based operating system built by KDE"" — is an image-based distribution built from Arch Linux packages that KDE itself calls a ""reference implementation"" of Plasma and KDE apps, currently in Alpha; for example, it deliberately ships without the pacman package manager, installing software instead through Flatpak via Discover, with atomic image updates, Btrfs snapshots, and one-click rollback if something breaks."
Ageless Linux,Linux Distributions,,Mar 2026,https://agelesslinux.org,GitHub: https://github.com/agelesslinux/agelesslinux,"Ageless Linux is a Debian-based distribution created as an act of political protest against age verification, alongside a related hardware project building computing devices resistant to age checks; as the project puts it, ""We don't know how old you are. We don't want to know."" It is a registered operating system under California's Digital Age Assurance Act (AB 1043, Chapter 675, Statutes of 2025, signed by Governor Newsom on October 13, 2025), and states it is in full, knowing, and intentional noncompliance with the age-verification requirements of Cal. Civ. Code § 1798.501(a). The project is run by John McCardle / FFwF Robotics LLC / Goblincorps as political commentary and civil disobedience, and is not affiliated with the Debian Project, Canonical, the Free Software Foundation, or the California State Legislature; it adds that no children were age-verified or harmed, no data was collected, and no privacy was violated in the making of the distribution — while noting that the California legislature disagrees that these things are compatible."
Slackware,Linux Distributions,Additional Linux Distributions (Specialized & Niche Use Cases),Jul 1993,https://www.slackware.com,Source Repository: https://git.slackbuilds.org/slackbuilds,"Slackware, the oldest still-maintained Linux distribution, is ""designed with the twin goals of ease of use and stability as top priorities""; for example, it ships with no graphical installer and no automatic dependency resolution by default, a deliberately conservative approach that leaves package management and system configuration almost entirely in the user's hands through plain text files."
antiX Linux,Linux Distributions,Additional Linux Distributions (Specialized & Niche Use Cases),Jul 2007,https://antixlinux.com,GitHub: https://github.com/antiX-Linux,"antiX is ""a fast, lightweight and easy to install systemd-free Linux live CD distribution"" based on Debian Stable; for example, it can boot and run entirely from a live USB on a machine with as little as 128 MB of RAM, without ever touching the hard drive, which is part of why it's a common pick for reviving very old PCs."
Tiny Core Linux,Linux Distributions,Additional Linux Distributions (Specialized & Niche Use Cases),Jan 2009,http://www.tinycorelinux.net,,"Tiny Core Linux is a minimal system built on BusyBox and FLTK that, in the project's own words, ""represents only the core needed to boot into a very minimal X desktop"" — everything beyond that arrives as user-selected extensions from an online repository; for example, it ships in three sizes: a text-only Core at roughly 17 MB, the FLWM-based TinyCore desktop at about 24 MB, and CorePlus bundling optional extras, and by default it decompresses entirely into RAM at boot rather than installing to disk, which is much of the reason it runs so quickly on hardware other distributions have long abandoned."
Zorin OS,Linux Distributions,Additional Linux Distributions (Specialized & Niche Use Cases),2009,https://zorin.com/os/,GitHub: https://github.com/zorinos,"Zorin OS is ""designed to make your computer faster, more secure and easier to use"", built on Ubuntu with a strong focus on easing the switch from Windows or macOS; for example, its built-in Zorin Appearance tool can switch the entire desktop layout to resemble Windows 11, Windows 7, or macOS with one click, easing the transition for new switchers."
Parabola GNU/Linux-libre,Linux Distributions,Additional Linux Distributions (Specialized & Niche Use Cases),Oct 2009,https://www.parabola.nu,Source Repository: https://git.parabola.nu; GitLab: https://gitlab.com/parabola,"Parabola calls itself ""a fully free, simple, and lightweight operating system"", an Arch- and Debian-based distribution built entirely from source under the GNU Free System Distribution Guidelines (FSDG); for example, its own build servers compile every package from clean chroots with networking disabled, specifically to strip out and replace any software or artwork that falls outside those guidelines, and the project earned Free Software Foundation recognition as a fully free distribution on May 20, 2011."
Peppermint OS,Linux Distributions,Additional Linux Distributions (Specialized & Niche Use Cases),May 2010,https://peppermintos.com,GitHub: https://github.com/peppermintos,"Peppermint OS — which, by its own account, has ""always been a minimalistic distro with signature custom tools"" — started out blending a lightweight desktop with cloud-app integration on an Ubuntu base, and is now built on Debian/Devuan Stable instead; for example, its signature Ice tool turns any website into what looks and behaves like a standalone desktop app, a feature it kept even after moving away from its original Ubuntu foundation."
SparkyLinux,Linux Distributions,Additional Linux Distributions (Specialized & Niche Use Cases),Oct 2011,https://sparkylinux.org,GitHub: https://github.com/sparkylinux,"SparkyLinux — ""a fast, lightweight and fully customizable operating system"" — is a Debian-based distribution offered in several editions built around different needs; for example, its GameOver edition ships preinstalled with gaming platforms and emulators, while its MinimalGUI and MinimalCLI editions strip things down to a bare Openbox desktop or command line for building a system up from scratch."
Raspberry Pi OS,Linux Distributions,Additional Linux Distributions (Specialized & Niche Use Cases),Jul 2012 (as Raspbian); renamed Raspberry Pi OS in May 2020,https://www.raspberrypi.com/software/,GitHub: https://github.com/raspberrypi,"Raspberry Pi OS is ""a free operating system based on Debian, optimised for the Raspberry Pi hardware"", maintained directly by Raspberry Pi itself; for example, it ships with over 35,000 precompiled packages and, unlike most desktop distributions, still supports the original 2012 Raspberry Pi Model B alongside the newest boards."
Bedrock Linux,Linux Distributions,Additional Linux Distributions (Specialized & Niche Use Cases),Aug 2012,https://bedrocklinux.org,GitHub: https://github.com/bedrocklinux,"Bedrock Linux is ""a meta Linux distribution which allows users to mix-and-match components"" from otherwise incompatible distributions into one broadly unified system — for example, running Debian's stable coreutils alongside Arch's cutting-edge kernel, Void's runit init system, a PDF reader kept patched through Gentoo's Portage, a font pulled from Arch's AUR, games built against Ubuntu's libraries, and business software built against CentOS's libraries, all side by side as though packaged for one single distribution. It is aimed at advanced users seeking maximum flexibility through cross-distro compatibility layers."
BlackArch,Linux Distributions,Additional Linux Distributions (Specialized & Niche Use Cases),Aug 2012,https://blackarch.org,GitHub: https://github.com/BlackArch,"BlackArch is ""an Arch Linux-based penetration testing distribution for penetration testers and security researchers"", with a dedicated repository holding well over 2,800 security tools at last count; for example, it can be installed as a full live system or layered on top of an existing Arch installation, adding just the BlackArch tool groups a user actually needs."
MX Linux,Linux Distributions,Additional Linux Distributions (Specialized & Niche Use Cases),Dec 2013,https://mxlinux.org,GitHub: https://github.com/MX-Linux,"MX Linux is ""a cooperative venture between the antiX and former MEPIS communities"", built on a Debian Stable base with Xfce as its main desktop; for example, its own MX Tools panel bundles system snapshot, USB-installer, and driver-management utilities into one place, drawing on ideas from both antiX and the older MEPIS project."
Archman Linux,Linux Distributions,Additional Linux Distributions (Specialized & Niche Use Cases),Mar 2017,https://archman.org,GitLab: https://gitlab.com/Archman-OS; GitHub: https://github.com/archman-os,"Archman Linux — ""a fast, elegant, and user-friendly desktop experience"" — is an independent, Arch Linux-based distribution built by a community project; for example, its primary edition ships a carefully configured Xfce desktop installed through the Calamares installer, with KDE Plasma and MATE offered as alternative editions and pamac providing a graphical front end for package management."
RebornOS,Linux Distributions,Additional Linux Distributions (Specialized & Niche Use Cases),2018,https://rebornos.org,GitHub: https://github.com/rebornos-team,"RebornOS — ""whose goal is to make Arch Linux more approachable to beginners"" — is an Arch Linux-based distribution built around a graphical installer called Reborn Creator; for example, a user can pick from a long list of desktop environments — GNOME, KDE Plasma, Xfce, Cinnamon, and others — directly during setup, arriving at a ready-to-use Arch system without touching the command line."
Archcraft,Linux Distributions,Additional Linux Distributions (Specialized & Niche Use Cases),Q4 2020,https://archcraft.io,GitHub: https://github.com/archcraft-os,"Archcraft — ""a fast, friendly, open-source operating system, for newbies, geeks & DIY enthusiasts"" — is an Arch-based distribution built around minimalist window managers rather than a full desktop environment; for example, it ships with several pre-configured Openbox themes and layouts that a user can switch between instantly from a menu, getting a polished, uncluttered look without hand-tuning dotfiles."
Asahi Linux,Linux Distributions,Additional Linux Distributions (Specialized & Niche Use Cases),"Q4 2020, Q1 2021",https://asahilinux.org,GitHub: https://github.com/asahilinux,"Asahi Linux ""aims to bring you a polished Linux experience on Apple Silicon Macs"", reverse-engineering largely undocumented Apple hardware to write the needed drivers from scratch; for example, the project's own Fedora Asahi Remix now supports OpenGL and Vulkan graphics on M1 and M2 Macs, hardware Apple itself never offered official Linux drivers for."
GNU Project (gnu.org),Systems Independent (GNU),,Project Announcement: Sep 1983; Development Start: Jan 1984; (FSF) Project Start: Oct 1985; GCC (GNU Compiler Collection): 1987; GNU Hurd: 1990,https://www.gnu.org,"GCC (GNU Compiler Collection) Project Page: https://gcc.gnu.org; GNU Hurd Project Page: https://www.gnu.org/software/hurd/; Official Source Hosting (Savannah, GNU): https://savannah.gnu.org; Source Hosting (Savannah, NonGNU): https://savannah.nongnu.org; Source Repository (GCC): https://gcc.gnu.org/git/gcc.git; Source Repository (Hurd): https://git.savannah.gnu.org/cgit/hurd","The GNU Project has been ""developing the free Unix style operating system GNU"" since 1983, so that computer users can have the freedom to share and improve the software they use; it was announced by Richard Stallman on September 27, 1983, with development starting that following January, and its four core freedoms — to run, study, redistribute, and improve software — have since become the founding template that most free-software licenses are built around. Savannah hosts official GNU packages at https://savannah.gnu.org, while https://savannah.nongnu.org provides the same infrastructure for free software projects outside the GNU Project itself."
GNU Guix,Systems Independent (GNU),,Project Start: Jun 2012; First Release: Jan 2013; First Stable System Release: May 2019,https://guix.gnu.org,Source Repository: https://git.guix.gnu.org; Codeberg: https://codeberg.org/guix/guix; Savannah (former home): https://cgit.git.savannah.gnu.org/cgit/guix.git,"GNU Guix — ""designed to give users more control over their general-purpose and specialized computing environments"" — is a transactional package manager and, as Guix System, a full distribution of the GNU operating system built on the Linux-libre kernel; for example, its declarative, Scheme-based package definitions let a user roll an entire system configuration back to an exact prior state with one command, the same transactional upgrade-and-rollback model it borrows from and builds upon Nix."
illumos,illumos Family,,Aug 2010,https://illumos.org,Source Repository: https://code.illumos.org; GitHub Mirror: https://github.com/illumos,"illumos describes itself on its own homepage as ""a Unix operating system which provides next-generation features for downstream distributions"", forked from OpenSolaris in August 2010 after Oracle discontinued that project; for example, it carries forward Solaris-era technologies like ZFS, DTrace, and Zones, and serves as the shared core — much like the Linux kernel does for Linux distributions — for every other entry in this section."
OpenIndiana,illumos Family,,Sep 2010,https://www.openindiana.org,GitHub: https://github.com/OpenIndiana,"OpenIndiana, billed on its own site as a ""Community-driven illumos Distribution"", is the most direct continuation of the old Project Indiana codename that OpenSolaris itself was born from; for example, it aims to be the de facto OpenSolaris successor installed on production servers where free security and bug fixes still matter, maintained by volunteers under the stewardship of the illumos Foundation."
SmartOS,illumos Family,,Aug 2011,https://tritondatacenter.com/smartos,GitHub: https://github.com/TritonDataCenter/smartos-live; Project Reference GitHub: https://github.com/TritonDataCenter,"SmartOS is billed by its maintainers as ""a lightweight container hypervisor that delivers industrial grade security"", combining OpenSolaris-derived Zones with bhyve and KVM virtualization; for example, it boots entirely into RAM rather than from disk, which makes an operating system upgrade as simple as rebooting into a newer image, and it serves as the engine behind Triton DataCenter's cloud infrastructure."
OmniOS,illumos Family,,Apr 2012,https://omnios.org,GitHub: https://github.com/omniosorg,"OmniOS describes itself on its own homepage as an ""illumos based server OS with ZFS, Bhyve, DTrace, Crossbow, SMF and Linux zone support"", deliberately built for server class hardware rather than laptops or workstations; for example, every fourth stable release is designated a Long-Term Support (LTS) build supported for three years, letting operators schedule upgrades on their own timeline instead of chasing every release."
Tribblix,illumos Family,,Oct 2012,https://www.tribblix.org,GitHub: https://github.com/tribblix,"Tribblix — ""the retro illumos distribution"" — is an independent illumos-based operating system created and still single-handedly maintained by Peter Tribble; for example, its software is installed in themed bundles called ""overlays"" rather than individual packages, and it deliberately keeps an old-school feel — including classic root logins and lightweight apps like AbiWord — while running modern illumos technologies such as ZFS, Zones, and DTrace underneath, on both x86 and legacy SPARC hardware."
Xen,Xen-Based Systems,,Oct 2003,https://xenproject.org/,Source Repository: https://xenbits.xen.org; GitHub Mirror: https://github.com/xen-project,"The Xen Project describes its own hypervisor as ""an open source hypervisor for infrastructure, embedded, security-sensitive, and virtualization platforms""; for example, it is the only type-1, bare-metal hypervisor available as open source, and it powers some of the largest commercial clouds in production today alongside security-focused systems such as Qubes OS."
Qubes OS,Xen-Based Systems,,"Apr 2011, Sep 2012",https://www.qubes-os.org,GitHub: https://github.com/QubesOS,"Qubes OS calls itself, with deliberate modesty, ""A reasonably secure operating system"", built around a Security by Isolation approach on top of the Xen hypervisor; for example, it lets a user run their email, browser, and work documents each in their own separate, color-coded virtual machine, so that a compromise in one — say, a malicious email attachment — never reaches the others. Edward Snowden has publicly said he uses it."
FreeDOS,Experimental & Research Systems,,Project Start: Jun 1994; First Release: Sep 2006 (version 1.0),https://www.freedos.org,GitHub Kernel: https://github.com/FDOS/kernel; GitHub: https://github.com/FDOS; GitLab: https://gitlab.com/FreeDOS,"FreeDOS ""aims to be a complete, free, 100% MS-DOS compatible operating system"", started by Jim Hall in June 1994 the day after Microsoft announced it would stop selling MS-DOS; for example, people still use it today to run classic DOS games like DOOM on modern hardware, keep old business software running on an embedded till or cash register, or develop new DOS software from scratch."
ReactOS,Experimental & Research Systems,,Project Inception: 1996; First Release: Feb 1998,https://reactos.org,GitHub: https://github.com/reactos; Git Mirror: https://git.reactos.org,"ReactOS is ""a free open source operating system based on the design principals found"" in the Windows NT architecture, built entirely from scratch with no Microsoft code involved; for example, it aims for binary compatibility with real Windows applications and drivers, so programs written for Windows Server 2003 and later can, in principle, run unmodified — though the project remains in alpha and is recommended only for testing and evaluation rather than daily use."
Haiku,Experimental & Research Systems,,Aug 2001,https://www.haiku-os.org,Source Repository: https://git.haiku-os.org; GitHub Mirror: https://github.com/haiku,"Haiku describes itself on its own homepage as ""fast, simple to use, easy to learn and yet very powerful"", a community-driven continuation of the discontinued BeOS; for example, it reused BeOS's own Tracker file manager and Deskbar taskbar as open-sourced starting points, then rebuilt the rest of the operating system from scratch while still aiming for binary compatibility with the original BeOS API."
Redox OS,Experimental & Research Systems,,Apr 2015,https://www.redox-os.org,GitHub: https://github.com/redox-os; GitLab: https://gitlab.redox-os.org/redox-os/redox,"Redox OS is ""a complete Unix-like microkernel-based operating system written in Rust"", created in 2015 by Jeremy Soller with safety and reliability as its central design goals; for example, its RedoxFS filesystem borrows ZFS-like features such as copy-on-write and data integrity checking, and its relibc C library lets many existing C and C++ programs be recompiled for Redox with little to no modification."
SerenityOS,Experimental & Research Systems,,First Public Release: Oct 2018,https://serenityos.org,GitHub: https://github.com/SerenityOS,"SerenityOS calls itself ""a love letter to '90s user interfaces with a custom Unix-like core"", a graphical hobby operating system built from scratch in C++ by former Apple WebKit engineer Andreas Kling; for example, the project builds its own browser engine, window server, and userland applications entirely in-house rather than reusing existing Unix tooling, and it grew largely in public through Kling's own YouTube development videos."
macOS,Apple Platforms (Operating Systems & Services),Operating Systems,Jan 1984 (as the original Macintosh System Software); modern Unix-based line since Mar 2001 (as Mac OS X),https://www.apple.com/macos/,,"The current release, macOS Tahoe, carries Apple's own tagline ""Fresh faced. Timelessly Mac"" — Apple's desktop and laptop operating system for the Mac, built on the Unix-based Darwin core with a hybrid XNU kernel; for example, that same Darwin foundation is open-sourced separately, while the polished desktop layer on top of it has run continuously on Mac hardware since Mac OS X's debut in 2001, through Intel and now Apple Silicon chips alike."
iOS,Apple Platforms (Operating Systems & Services),Operating Systems,Jun 2007 (as iPhone OS 1.0),https://www.apple.com/ios/,,"Announcing the current release, Apple's own newsroom described iOS 26 as bringing ""a beautiful new design, intelligent experiences, and improvements to the apps users rely on every day"" — Apple's mobile operating system for the iPhone, originally called iPhone OS before being renamed iOS in 2010 to reflect its spread to other Apple devices; for example, the same underlying platform was adapted into iPadOS for the iPad and shares its core with watchOS and tvOS, letting Apple ship one connected ecosystem across phones, tablets, watches, and TVs."
Apple,Apple Platforms (Operating Systems & Services),Services,First Introduced: Apr 1976,https://www.apple.com/,GitHub: https://github.com/apple,"Apple's official website — under the banner of its long-running ""Think Different"" philosophy — showcases the company's products, from iPhone and Mac to iPad, alongside its services, support resources, and official company information; for example, apple.com is also where the company still marks its own milestones, having run a ""50 Years of Thinking Different"" retrospective tying its 2026 anniversary back to that same 1997 campaign."
Apple Account,Apple Platforms (Operating Systems & Services),Services,First Introduced: 2000,https://account.apple.com/,GitHub: https://github.com/apple,"An Apple Account — described in Apple's own support documentation as ""the account you use to access Apple Services like the App Store"" — is the unified sign-in behind every Apple device and service; for example, signing in with the same Apple Account on an iPhone, iPad, and Mac keeps purchases, subscriptions, and settings synced across all three, and the identifier was renamed from ""Apple ID"" to ""Apple Account"" to make that central role clearer."
iCloud,Apple Platforms (Operating Systems & Services),Services,Oct 2011,https://www.icloud.com,GitHub: https://github.com/apple,"iCloud's own homepage puts it simply: ""Log in to iCloud to access your photos, mail, notes, documents and more"" — Apple's cloud-based synchronization and storage platform; for example, a photo taken on an iPhone can appear moments later in the Photos app on a Mac or on iCloud.com from any browser, with edits and deletions kept in sync across every signed-in device."
Windows,Windows-Based Custom Systems (Debloated & Community Builds),,Nov 1985,https://www.microsoft.com/windows,,"Windows 11, per Microsoft's own announcement, ""is designed to bring you closer to what you love"" — the proprietary operating system family developed by Microsoft, with modern versions built on the Windows NT architecture; for example, the same NT-based core scales from a home laptop up to enterprise server fleets, and Windows remains the platform most PC games and business software are built against first."
Revision (ReviOS),Windows-Based Custom Systems (Debloated & Community Builds),,2019,https://www.revi.cc,GitHub: https://github.com/meetrevision,"ReviOS ""aspires to re-create what Windows as an operating system should have been — easy and simple"", a community-driven, debloated Windows configuration that strips unnecessary services and telemetry; for example, it disables Windows Defender and Windows Update by default (both re-enableable through its own built-in tool) to squeeze out extra performance and privacy, particularly for gaming and general desktop use."
AtlasOS,Windows-Based Custom Systems (Debloated & Community Builds),,2021,https://atlasos.net,GitHub: https://github.com/Atlas-OS/Atlas,"AtlasOS says of itself, ""Atlas brings life back to Windows, designed to maximize privacy, usability, and performance""; it is an open-source project that applies performance, privacy, and usability optimizations to Windows using scripted ""playbooks"" rather than a modified installer image; for example, its AME Wizard walks a user through toggling each optimization individually, so someone can keep Windows Defender and Windows Update active while still trimming background bloat."
Windows X-Lite,Windows-Based Custom Systems (Debloated & Community Builds),,"2022, 2023",https://windowsxlite.com,,"Windows X-Lite's own tagline describes its builds as ""designed to Enhance Performance, Privacy, Stability and Control""; it provides unofficial lightweight Windows images with many non-essential components and preinstalled apps removed, aimed at low-spec hardware; for example, its images are built to run unmodified on everything from old, weak laptops to modern gaming desktops, old or new, weak or strong."
Tiny11,Windows-Based Custom Systems (Debloated & Community Builds),,Feb 2023,https://ntdotdev.wordpress.com,GitHub: https://github.com/ntdevlabs/tiny11builder; Project Reference GitHub: https://github.com/ntdevlabs,"Tiny11 is a series of heavily trimmed-down Windows 11 builds and tools created by developer NTDEV, removing many default apps and features to cut disk footprint and memory use; for example, a full Tiny11 install can fit in around 8 GB of storage against Windows 11's usual 20 GB or more, letting the same modern OS run on hardware Microsoft's official system requirements would otherwise rule out. NTDEV has since moved primary blogging to ntdev.blog, though ntdotdev.wordpress.com remains live with the project's archive."
Nano11,Windows-Based Custom Systems (Debloated & Community Builds),,Sep 2025,https://ntdotdev.wordpress.com,GitHub: https://github.com/ntdevlabs/nano11; Project Reference GitHub: https://github.com/ntdevlabs,"Nano11 is NTDEV's even more extreme follow-up to Tiny11, an experimental, minimal Windows 11 build stripped down to little more than its essential components; for example, independent testing has shrunk a Nano11 install to as little as 2.8 GB — about 3.5 times smaller than Tiny11 itself — making it intended strictly for constrained or test environments rather than everyday use."
